user_id,school,department,prefered cuisines,prefered departments
0,Tandon School of Engineering,Mechanical Engineering,"['Bakery', 'Pizza', 'Korean', 'Sandwiches/Salads/Mixed Buffet', 'Spanish', 'German', 'Chicken', 'Delicatessen', 'Café/Coffee/Tea', 'Jewish/Kosher', 'Japanese', 'Bangladeshi']",['Construction Management']
1,Tandon School of Engineering,Biotechnology and Entrepreneurship,"['Sandwiches', 'Indian', 'Pizza', 'French', 'Korean', 'Chicken', 'Mexican', 'German', 'Japanese', 'Asian', 'Sandwiches/Salads/Mixed Buffet', 'Seafood', 'Italian', 'Latin (Cuban', 'Café/Coffee/Tea', 'Bangladeshi', 'American', 'Caribbean', 'Thai', 'Irish', 'Pizza/Italian', 'Eastern European', '3473446815']","['Chemistry', 'Biotechnology', 'Mechatronics and Robotics', 'Transportation Management', 'Mathematics', 'Cybersecurity Risk and Strategy', 'Biotechnology and Entrepreneurship', 'Cybersecurity', 'Business and Technology Management', 'Industrial Engineering', 'Biomolecular Science', 'Chemical Engineering', 'Management of Technology']"
2,Tandon School of Engineering,Civil Engineering,"['Spanish', 'Asian', 'Thai', 'Barbecue', 'Jewish/Kosher', 'Bangladeshi', 'Seafood', 'Pizza/Italian', 'Chicken', 'German', 'Café/Coffee/Tea', 'Delicatessen', 'Bakery', 'Irish', 'Caribbean', 'Italian', 'Chinese', 'Korean', 'Mexican', 'Eastern European', 'Japanese', 'American', 'Sandwiches']","['Transportation Management', 'Biotechnology', 'Biomolecular Science', 'Applied Physics', 'Biomedical Engineering', 'Mechanical Engineering', 'Mathematics', 'Transportation Planning and Engineering', 'Management of Technology', 'Biotechnology and Entrepreneurship', 'Computer Engineering', 'Chemical and Biomolecular Engineering', 'Physics and Mathematics', 'Environmental Science', 'Science and Technology Studies', 'Construction Management', 'Environmental Engineering', 'Mechatronics and Robotics', 'Sustainable Urban Environments', 'Electrical Engineering', 'Financial Engineering']"
3,Tandon School of Engineering,Civil Engineering,"['Pizza', 'Bakery', 'American', 'Bangladeshi', 'Jewish/Kosher', 'French', 'Eastern European', 'Chinese', '3473446815', 'Sandwiches/Salads/Mixed Buffet', 'Asian']","['Transportation Planning and Engineering', 'Financial Engineering']"
4,Tandon School of Engineering,Biotechnology,"['Sandwiches/Salads/Mixed Buffet', 'Pizza/Italian', 'Indian', '3473446815', 'Sandwiches', 'Latin (Cuban', 'Irish', 'Chinese', 'Donuts', 'Pizza', 'Caribbean', 'Asian']","['Management of Technology', 'Business and Technology Management', 'Cybersecurity Risk and Strategy', 'Urban Infrastructure Systems', 'Mechatronics and Robotics', 'Environmental Science', 'Integrated Digital Media', 'Computer Engineering', 'Bioinformatics', 'Transportation Management', 'Science and Technology Studies', 'Civil Engineering', 'Electrical Engineering', 'Chemical Engineering', 'Chemistry', 'Transportation Planning and Engineering', 'Sustainable Urban Environments', 'Mathematics', 'Construction Management', 'Biomolecular Science', 'Biotechnology and Entrepreneurship', 'Applied Physics', 'Environmental Engineering', 'Computer Science', 'Biotechnology', 'Mechanical Engineering', 'Chemical and Biomolecular Engineering', 'Cybersecurity', 'Industrial Engineering', 'Financial Engineering', 'Biomedical Engineering']"
5,Tandon School of Engineering,Transportation Planning and Engineering,"['Italian', 'Chinese', 'Thai', 'Jewish/Kosher', 'Japanese', 'Juice', 'Indian', 'Eastern European', 'Mexican', 'Barbecue', 'Caribbean', 'Chicken', 'Bakery', 'Bangladeshi', 'Pizza', 'French', 'Irish', 'Latin (Cuban', 'Donuts', 'Sandwiches/Salads/Mixed Buffet', 'Delicatessen', 'American', 'Pizza/Italian', 'German', 'Café/Coffee/Tea']","['Transportation Planning and Engineering', 'Sustainable Urban Environments', 'Biomolecular Science', 'Electrical Engineering', 'Chemistry', 'Bioinformatics', 'Mechanical Engineering', 'Biomedical Engineering', 'Construction Management', 'Cybersecurity', 'Computer Engineering', 'Applied Physics', 'Mathematics', 'Cybersecurity Risk and Strategy', 'Computer Science', 'Integrated Digital Media', 'Mechatronics and Robotics']"
6,Tandon School of Engineering,Chemical and Biomolecular Engineering,"['Café/Coffee/Tea', 'Latin (Cuban', 'Pizza/Italian', 'Juice', 'Seafood', 'Eastern European', 'Delicatessen', 'Barbecue', 'Sandwiches', 'Spanish', 'French', 'Chinese', 'Japanese']","['Computer Science', 'Cybersecurity Risk and Strategy', 'Computer Engineering', 'Chemical and Biomolecular Engineering', 'Business and Technology Management', 'Transportation Planning and Engineering', 'Electrical Engineering', 'Integrated Digital Media', 'Financial Engineering', 'Industrial Engineering', 'Electrical Engineering and Computer Engineering', 'Chemistry', 'Biomolecular Science', 'Construction Management', 'Mechatronics and Robotics', 'Sustainable Urban Environments', 'Transportation Management', 'Environmental Science', 'Environmental Engineering']"
7,Tandon School of Engineering,Biomolecular Science,"['Mexican', 'Pizza/Italian', 'Bangladeshi', 'Eastern European', 'Bakery', 'Donuts', 'Chinese', 'Asian', 'Sandwiches']","['Computer Science', 'Environmental Science', 'Computer Engineering', 'Management of Technology', 'Environmental Engineering']"
8,Tandon School of Engineering,Mechatronics and Robotics,['Pizza/Italian'],"['Sustainable Urban Environments', 'Business and Technology Management', 'Mathematics', 'Civil Engineering', 'Electrical Engineering and Computer Engineering', 'Industrial Engineering', 'Financial Engineering', 'Integrated Digital Media', 'Biotechnology and Entrepreneurship', 'Computer Science']"
9,Tandon School of Engineering,Integrated Digital Media,"['Spanish', 'French', 'Asian', 'Café/Coffee/Tea', 'Mexican']","['Integrated Digital Media', 'Computer Science', 'Chemistry', 'Cybersecurity', 'Physics and Mathematics', 'Science and Technology Studies', 'Civil Engineering', 'Electrical Engineering and Computer Engineering', 'Mechatronics and Robotics', 'Urban Infrastructure Systems', 'Biotechnology', 'Environmental Science', 'Chemical and Biomolecular Engineering', 'Cybersecurity Risk and Strategy', 'Environmental Engineering', 'Business and Technology Management', 'Computer Engineering', 'Transportation Management', 'Financial Engineering', 'Bioinformatics', 'Transportation Planning and Engineering', 'Chemical Engineering', 'Mathematics', 'Applied Physics', 'Mechanical Engineering', 'Electrical Engineering', 'Biomedical Engineering', 'Management of Technology', 'Construction Management', 'Biomolecular Science']"
10,Tandon School of Engineering,Biotechnology and Entrepreneurship,['3473446815'],"['Civil Engineering', 'Chemistry', 'Management of Technology', 'Construction Management', 'Applied Physics', 'Urban Infrastructure Systems', 'Business and Technology Management', 'Biotechnology and Entrepreneurship', 'Industrial Engineering', 'Mechanical Engineering', 'Mechatronics and Robotics', 'Biomolecular Science', 'Computer Engineering', 'Transportation Management']"
11,Tandon School of Engineering,Biomedical Engineering,"['Jewish/Kosher', 'Thai', '3473446815', 'Chinese', 'Barbecue', 'Korean', 'Café/Coffee/Tea', 'German', 'Indian', 'Pizza', 'Caribbean', 'Irish', 'Spanish', 'Juice', 'Bangladeshi', 'Latin (Cuban', 'Italian', 'Sandwiches/Salads/Mixed Buffet', 'American', 'Chicken', 'Mexican', 'Pizza/Italian', 'Japanese', 'Donuts', 'Asian']","['Computer Engineering', 'Integrated Digital Media', 'Mechatronics and Robotics', 'Construction Management', 'Environmental Science', 'Cybersecurity', 'Computer Science', 'Biomedical Engineering', 'Electrical Engineering and Computer Engineering', 'Mechanical Engineering', 'Chemical and Biomolecular Engineering', 'Chemistry', 'Physics and Mathematics', 'Cybersecurity Risk and Strategy', 'Bioinformatics', 'Sustainable Urban Environments', 'Environmental Engineering', 'Applied Physics']"
12,Tandon School of Engineering,Cybersecurity,"['Jewish/Kosher', 'Café/Coffee/Tea', 'Sandwiches', 'French', 'Donuts', 'Korean', 'Thai', 'Pizza/Italian']","['Environmental Science', 'Computer Science']"
13,Tandon School of Engineering,Electrical Engineering and Computer Engineering,"['Asian', 'Juice', 'Jewish/Kosher', 'Eastern European', '3473446815', 'Café/Coffee/Tea', 'Sandwiches', 'Spanish']","['Management of Technology', 'Urban Infrastructure Systems', 'Electrical Engineering and Computer Engineering', 'Bioinformatics', 'Cybersecurity', 'Mechatronics and Robotics', 'Transportation Management', 'Biotechnology and Entrepreneurship', 'Environmental Science', 'Chemistry', 'Civil Engineering']"
14,Tandon School of Engineering,Biotechnology,"['Bakery', 'Barbecue', 'Indian', 'American', 'Seafood', 'Spanish', 'Chicken', 'Donuts', 'Irish', 'Chinese', 'Japanese', 'Thai', 'Mexican', 'German', 'Delicatessen', '3473446815', 'Korean', 'Sandwiches/Salads/Mixed Buffet', 'Jewish/Kosher', 'Asian', 'Latin (Cuban', 'French', 'Sandwiches', 'Bangladeshi']","['Mathematics', 'Financial Engineering', 'Physics and Mathematics', 'Urban Infrastructure Systems', 'Transportation Planning and Engineering', 'Construction Management', 'Environmental Science']"
15,Tandon School of Engineering,Bioinformatics,"['Asian', 'Café/Coffee/Tea', 'Chicken']","['Physics and Mathematics', 'Environmental Engineering', 'Chemical and Biomolecular Engineering', 'Chemical Engineering', 'Cybersecurity Risk and Strategy', 'Financial Engineering']"
16,Tandon School of Engineering,Financial Engineering,"['Chinese', 'Asian', 'Eastern European', 'Mexican', 'Delicatessen', 'Donuts']","['Electrical Engineering', 'Mechatronics and Robotics']"
17,Tandon School of Engineering,Electrical Engineering and Computer Engineering,"['Thai', 'American', 'Caribbean', 'Juice', 'Café/Coffee/Tea', 'Chicken', 'Latin (Cuban', 'German', '3473446815', 'Pizza/Italian', 'Sandwiches/Salads/Mixed Buffet', 'Donuts', 'Chinese', 'Sandwiches', 'Barbecue', 'Eastern European', 'Irish', 'Spanish', 'Korean', 'Seafood', 'Pizza', 'Asian', 'Mexican', 'Japanese', 'French', 'Italian', 'Bakery', 'Jewish/Kosher', 'Bangladeshi', 'Indian']","['Mechatronics and Robotics', 'Physics and Mathematics', 'Mechanical Engineering', 'Integrated Digital Media', 'Urban Infrastructure Systems', 'Industrial Engineering', 'Sustainable Urban Environments', 'Cybersecurity', 'Applied Physics', 'Computer Engineering', 'Biomolecular Science', 'Chemistry', 'Environmental Engineering', 'Civil Engineering', 'Business and Technology Management', 'Financial Engineering', 'Construction Management']"
18,Tandon School of Engineering,Sustainable Urban Environments,"['American', 'Caribbean', 'Bakery', 'Sandwiches', 'Sandwiches/Salads/Mixed Buffet', 'Korean', '3473446815', 'German', 'Asian', 'Jewish/Kosher', 'Pizza/Italian', 'Barbecue', 'Seafood']","['Mechanical Engineering', 'Urban Infrastructure Systems', 'Science and Technology Studies', 'Chemical and Biomolecular Engineering']"
19,Tandon School of Engineering,Civil Engineering,"['Italian', 'Sandwiches', 'Asian', 'Juice', 'Latin (Cuban', 'Indian', 'Pizza', 'Korean', '3473446815', 'Barbecue', 'Bangladeshi', 'Delicatessen', 'Spanish', 'Seafood', 'Caribbean', 'Bakery', 'French', 'Eastern European', 'Sandwiches/Salads/Mixed Buffet']","['Financial Engineering', 'Biomedical Engineering', 'Management of Technology', 'Transportation Planning and Engineering', 'Industrial Engineering', 'Biotechnology and Entrepreneurship', 'Environmental Science', 'Biomolecular Science', 'Environmental Engineering', 'Electrical Engineering', 'Business and Technology Management', 'Urban Infrastructure Systems', 'Integrated Digital Media', 'Bioinformatics', 'Mechanical Engineering']"
20,Tandon School of Engineering,Chemical and Biomolecular Engineering,"['French', 'Barbecue', 'Korean', 'Eastern European', 'Irish', '3473446815', 'German', 'Chinese', 'Juice', 'Bangladeshi', 'Pizza', 'Jewish/Kosher', 'Indian', 'Donuts', 'Pizza/Italian', 'Japanese', 'Chicken', 'American', 'Italian', 'Café/Coffee/Tea']","['Cybersecurity Risk and Strategy', 'Integrated Digital Media', 'Biomolecular Science', 'Biotechnology', 'Industrial Engineering', 'Mechanical Engineering', 'Physics and Mathematics', 'Biotechnology and Entrepreneurship', 'Mechatronics and Robotics', 'Transportation Management', 'Management of Technology', 'Electrical Engineering and Computer Engineering', 'Bioinformatics', 'Electrical Engineering', 'Environmental Science', 'Chemical and Biomolecular Engineering', 'Computer Science', 'Chemical Engineering', 'Applied Physics', 'Science and Technology Studies', 'Business and Technology Management', 'Financial Engineering', 'Sustainable Urban Environments', 'Biomedical Engineering', 'Mathematics', 'Computer Engineering', 'Cybersecurity', 'Environmental Engineering', 'Civil Engineering']"
21,Tandon School of Engineering,Civil Engineering,"['Indian', 'Chinese', 'Pizza/Italian', 'German', 'Jewish/Kosher', 'Donuts', 'Thai', 'Delicatessen', 'American', 'Mexican', 'Eastern European', 'Juice', 'Seafood', 'Japanese', 'Sandwiches', 'Asian', 'Bakery', 'Chicken', 'Sandwiches/Salads/Mixed Buffet', 'Café/Coffee/Tea', 'French', 'Pizza', '3473446815', 'Latin (Cuban', 'Barbecue', 'Caribbean', 'Korean', 'Spanish', 'Italian']","['Biomedical Engineering', 'Industrial Engineering', 'Chemical and Biomolecular Engineering', 'Integrated Digital Media', 'Biotechnology', 'Cybersecurity Risk and Strategy', 'Business and Technology Management', 'Computer Engineering', 'Construction Management', 'Physics and Mathematics', 'Transportation Management', 'Urban Infrastructure Systems', 'Civil Engineering', 'Applied Physics', 'Biotechnology and Entrepreneurship', 'Transportation Planning and Engineering', 'Environmental Science', 'Science and Technology Studies', 'Electrical Engineering and Computer Engineering', 'Environmental Engineering', 'Mechatronics and Robotics', 'Electrical Engineering', 'Sustainable Urban Environments', 'Financial Engineering', 'Mathematics', 'Biomolecular Science']"
22,Tandon School of Engineering,Biomolecular Science,"['Caribbean', 'German', 'Delicatessen', 'Sandwiches', 'Donuts', 'Bakery', 'Chicken', 'Eastern European', 'Indian', 'Japanese', 'Italian', 'American', 'Irish', 'Asian', 'Chinese', 'Bangladeshi', 'Mexican']","['Mathematics', 'Applied Physics', 'Biotechnology', 'Civil Engineering', 'Business and Technology Management', 'Construction Management', 'Mechatronics and Robotics', 'Chemical and Biomolecular Engineering', 'Biomedical Engineering', 'Industrial Engineering', 'Transportation Management', 'Chemical Engineering', 'Cybersecurity', 'Physics and Mathematics', 'Computer Science', 'Financial Engineering', 'Transportation Planning and Engineering', 'Electrical Engineering and Computer Engineering']"
23,Tandon School of Engineering,Biomolecular Science,"['Bakery', 'Pizza/Italian', 'Spanish']",['Sustainable Urban Environments']
24,Tandon School of Engineering,Business and Technology Management,"['Sandwiches', 'Chinese', 'Barbecue', 'Eastern European', 'Asian', 'Bangladeshi', 'Café/Coffee/Tea', 'Korean', 'Mexican', 'Italian', 'Jewish/Kosher', 'Caribbean', 'Sandwiches/Salads/Mixed Buffet', 'Chicken']","['Financial Engineering', 'Biomedical Engineering', 'Electrical Engineering', 'Mechanical Engineering', 'Business and Technology Management', 'Mechatronics and Robotics', 'Integrated Digital Media', 'Construction Management', 'Environmental Engineering', 'Biomolecular Science', 'Management of Technology', 'Sustainable Urban Environments', 'Biotechnology', 'Bioinformatics', 'Cybersecurity Risk and Strategy', 'Chemical and Biomolecular Engineering', 'Physics and Mathematics', 'Urban Infrastructure Systems']"
25,Tandon School of Engineering,Environmental Science,"['Café/Coffee/Tea', 'Chinese', 'American', 'Bangladeshi', 'Asian', 'French', 'Mexican', 'Spanish', 'Delicatessen']","['Bioinformatics', 'Integrated Digital Media', 'Cybersecurity Risk and Strategy', 'Electrical Engineering', 'Cybersecurity', 'Sustainable Urban Environments', 'Physics and Mathematics', 'Electrical Engineering and Computer Engineering', 'Financial Engineering', 'Industrial Engineering', 'Business and Technology Management', 'Urban Infrastructure Systems', 'Mechatronics and Robotics', 'Transportation Planning and Engineering', 'Chemistry', 'Computer Science', 'Environmental Science', 'Applied Physics', 'Mechanical Engineering', 'Biomolecular Science', 'Biomedical Engineering', 'Management of Technology', 'Biotechnology']"
26,Tandon School of Engineering,Industrial Engineering,"['Irish', 'Donuts']","['Chemical Engineering', 'Environmental Science', 'Bioinformatics', 'Biotechnology and Entrepreneurship']"
27,Tandon School of Engineering,Chemical and Biomolecular Engineering,"['3473446815', 'Bangladeshi', 'Japanese', 'Sandwiches', 'Caribbean', 'Korean', 'Seafood', 'Latin (Cuban', 'Sandwiches/Salads/Mixed Buffet', 'French', 'Pizza/Italian', 'Barbecue', 'Donuts', 'German', 'Mexican']","['Construction Management', 'Business and Technology Management', 'Mechanical Engineering', 'Physics and Mathematics', 'Civil Engineering', 'Biomolecular Science', 'Chemical and Biomolecular Engineering', 'Cybersecurity Risk and Strategy', 'Sustainable Urban Environments', 'Applied Physics', 'Mechatronics and Robotics', 'Cybersecurity', 'Computer Engineering', 'Financial Engineering', 'Transportation Planning and Engineering', 'Chemical Engineering']"
28,Tandon School of Engineering,Business and Technology Management,"['Irish', 'Barbecue', 'Juice', 'Korean']","['Urban Infrastructure Systems', 'Business and Technology Management', 'Biotechnology and Entrepreneurship', 'Management of Technology', 'Electrical Engineering and Computer Engineering', 'Biomedical Engineering', 'Environmental Engineering', 'Environmental Science', 'Physics and Mathematics', 'Applied Physics', 'Biotechnology', 'Chemistry', 'Mathematics', 'Chemical and Biomolecular Engineering', 'Construction Management', 'Computer Engineering', 'Mechanical Engineering', 'Transportation Planning and Engineering', 'Integrated Digital Media', 'Cybersecurity Risk and Strategy', 'Electrical Engineering', 'Sustainable Urban Environments', 'Civil Engineering', 'Science and Technology Studies', 'Mechatronics and Robotics', 'Computer Science', 'Bioinformatics', 'Industrial Engineering', 'Biomolecular Science', 'Financial Engineering', 'Transportation Management', 'Chemical Engineering']"
29,Tandon School of Engineering,Urban Infrastructure Systems,"['Seafood', 'Jewish/Kosher', 'Spanish', 'American', 'Caribbean', 'Mexican', 'Chinese', '3473446815', 'Sandwiches', 'Pizza/Italian', 'Café/Coffee/Tea', 'Juice', 'Delicatessen']","['Electrical Engineering and Computer Engineering', 'Biomedical Engineering', 'Chemical Engineering', 'Cybersecurity', 'Mathematics', 'Mechanical Engineering', 'Cybersecurity Risk and Strategy', 'Integrated Digital Media', 'Mechatronics and Robotics', 'Transportation Planning and Engineering', 'Electrical Engineering', 'Environmental Science', 'Physics and Mathematics', 'Transportation Management', 'Chemical and Biomolecular Engineering', 'Construction Management', 'Applied Physics', 'Computer Engineering', 'Industrial Engineering', 'Biomolecular Science']"
30,Tandon School of Engineering,Mechanical Engineering,"['Caribbean', 'Italian', 'Delicatessen', 'Jewish/Kosher']","['Chemical Engineering', 'Urban Infrastructure Systems', 'Chemistry', 'Computer Science', 'Management of Technology', 'Biomedical Engineering', 'Sustainable Urban Environments', 'Electrical Engineering and Computer Engineering', 'Electrical Engineering', 'Transportation Management', 'Applied Physics']"
31,Tandon School of Engineering,Computer Science,"['Chinese', 'Chicken', 'Spanish', 'Indian', 'Donuts', 'Eastern European', 'Pizza/Italian', 'Thai', 'Irish', 'American', 'Caribbean', 'Korean', 'Sandwiches', 'Pizza', 'Asian', 'German', 'Japanese', 'Latin (Cuban', 'Sandwiches/Salads/Mixed Buffet', 'Barbecue', 'Juice']","['Industrial Engineering', 'Mechanical Engineering', 'Construction Management', 'Biomolecular Science', 'Biotechnology', 'Cybersecurity', 'Sustainable Urban Environments', 'Science and Technology Studies', 'Mechatronics and Robotics']"
32,Tandon School of Engineering,Science and Technology Studies,"['Spanish', 'Jewish/Kosher', 'Sandwiches/Salads/Mixed Buffet', 'American', 'Thai', 'Delicatessen', 'Chinese', 'German', 'Bakery', 'Italian', 'Korean', 'Café/Coffee/Tea', 'Barbecue', 'Latin (Cuban', 'Chicken', 'Asian', 'Eastern European', 'Bangladeshi', 'Sandwiches']","['Construction Management', 'Environmental Science', 'Management of Technology', 'Applied Physics', 'Electrical Engineering']"
33,Tandon School of Engineering,Industrial Engineering,"['Caribbean', 'Bangladeshi', 'Mexican', 'Japanese', 'Indian', 'Sandwiches/Salads/Mixed Buffet', 'Barbecue', 'Juice', 'American', 'Delicatessen', 'Eastern European', 'Café/Coffee/Tea', 'Italian', 'Pizza/Italian', 'Pizza', 'Latin (Cuban', 'Bakery', 'Donuts', 'Irish', 'Chicken', '3473446815', 'Asian', 'German', 'Sandwiches', 'Seafood', 'Thai', 'Korean', 'Spanish', 'Jewish/Kosher', 'Chinese']","['Financial Engineering', 'Applied Physics', 'Mechanical Engineering', 'Construction Management']"
34,Tandon School of Engineering,Management of Technology,"['Juice', 'Eastern European', '3473446815', 'German', 'Asian', 'Delicatessen', 'Pizza', 'Donuts']","['Bioinformatics', 'Civil Engineering', 'Chemical Engineering', 'Chemical and Biomolecular Engineering', 'Management of Technology', 'Transportation Management', 'Mathematics', 'Transportation Planning and Engineering', 'Science and Technology Studies', 'Environmental Science', 'Applied Physics', 'Sustainable Urban Environments', 'Computer Engineering', 'Business and Technology Management', 'Environmental Engineering', 'Cybersecurity', 'Industrial Engineering', 'Integrated Digital Media', 'Electrical Engineering', 'Chemistry', 'Biomolecular Science', 'Financial Engineering', 'Urban Infrastructure Systems', 'Physics and Mathematics', 'Computer Science', 'Biotechnology and Entrepreneurship', 'Biomedical Engineering', 'Cybersecurity Risk and Strategy', 'Electrical Engineering and Computer Engineering', 'Mechanical Engineering', 'Mechatronics and Robotics', 'Construction Management']"
35,Tandon School of Engineering,Chemical Engineering,"['Caribbean', 'Barbecue', 'Bangladeshi', 'Irish', 'Jewish/Kosher', 'Chicken', 'Sandwiches/Salads/Mixed Buffet', 'Seafood', 'Chinese', 'Thai', 'Pizza/Italian', 'Bakery', 'French', 'Indian', 'Italian', 'Delicatessen']","['Business and Technology Management', 'Cybersecurity', 'Science and Technology Studies', 'Financial Engineering', 'Integrated Digital Media', 'Computer Engineering', 'Cybersecurity Risk and Strategy', 'Industrial Engineering', 'Electrical Engineering', 'Sustainable Urban Environments', 'Biotechnology and Entrepreneurship', 'Transportation Management', 'Urban Infrastructure Systems', 'Civil Engineering', 'Chemistry', 'Environmental Engineering', 'Mechatronics and Robotics', 'Environmental Science', 'Chemical Engineering', 'Electrical Engineering and Computer Engineering', 'Biomedical Engineering']"
36,Tandon School of Engineering,Sustainable Urban Environments,['German'],"['Physics and Mathematics', 'Chemical and Biomolecular Engineering', 'Business and Technology Management', 'Cybersecurity', 'Science and Technology Studies', 'Environmental Science', 'Environmental Engineering', 'Transportation Management', 'Applied Physics', 'Mathematics', 'Biotechnology and Entrepreneurship', 'Chemical Engineering', 'Biomedical Engineering', 'Construction Management', 'Mechatronics and Robotics', 'Urban Infrastructure Systems', 'Financial Engineering', 'Electrical Engineering and Computer Engineering', 'Integrated Digital Media', 'Management of Technology', 'Electrical Engineering', 'Cybersecurity Risk and Strategy']"
37,Tandon School of Engineering,Biomolecular Science,"['Chicken', 'Asian', 'Café/Coffee/Tea', 'Indian', 'Pizza', 'Caribbean', 'Japanese', 'Bangladeshi', 'Pizza/Italian', 'Thai', 'Delicatessen', 'Eastern European', '3473446815', 'Seafood', 'Sandwiches', 'German', 'Latin (Cuban', 'Italian', 'Chinese']","['Biomolecular Science', 'Transportation Planning and Engineering', 'Biotechnology', 'Mathematics', 'Chemistry', 'Environmental Engineering', 'Physics and Mathematics', 'Cybersecurity Risk and Strategy', 'Industrial Engineering', 'Financial Engineering', 'Chemical and Biomolecular Engineering', 'Transportation Management', 'Construction Management', 'Business and Technology Management', 'Integrated Digital Media', 'Computer Science', 'Cybersecurity', 'Electrical Engineering', 'Bioinformatics', 'Sustainable Urban Environments', 'Civil Engineering']"
38,Tandon School of Engineering,Biomolecular Science,"['Caribbean', 'Bangladeshi', 'German', 'American', 'Mexican', 'Irish', 'Bakery', 'Seafood', 'Spanish', 'Chinese', 'Sandwiches', 'Pizza']","['Mechanical Engineering', 'Chemical Engineering', 'Physics and Mathematics', 'Civil Engineering', 'Biotechnology', 'Management of Technology', 'Sustainable Urban Environments', 'Electrical Engineering and Computer Engineering', 'Cybersecurity', 'Chemical and Biomolecular Engineering', 'Environmental Science', 'Chemistry', 'Mechatronics and Robotics', 'Urban Infrastructure Systems', 'Construction Management', 'Bioinformatics', 'Biomolecular Science', 'Environmental Engineering', 'Transportation Planning and Engineering', 'Mathematics', 'Computer Engineering', 'Electrical Engineering', 'Integrated Digital Media', 'Applied Physics', 'Cybersecurity Risk and Strategy', 'Financial Engineering', 'Business and Technology Management', 'Industrial Engineering', 'Computer Science', 'Biotechnology and Entrepreneurship', 'Science and Technology Studies']"
39,Tandon School of Engineering,Sustainable Urban Environments,"['Bakery', 'Pizza', 'Spanish']","['Chemistry', 'Computer Science', 'Science and Technology Studies', 'Physics and Mathematics', 'Management of Technology', 'Environmental Engineering', 'Cybersecurity Risk and Strategy', 'Urban Infrastructure Systems', 'Financial Engineering', 'Bioinformatics', 'Business and Technology Management', 'Biomedical Engineering', 'Biotechnology', 'Mechatronics and Robotics', 'Applied Physics', 'Computer Engineering', 'Chemical Engineering', 'Environmental Science', 'Integrated Digital Media', 'Biomolecular Science', 'Civil Engineering', 'Mathematics', 'Industrial Engineering', 'Transportation Management', 'Chemical and Biomolecular Engineering']"
40,Tandon School of Engineering,Science and Technology Studies,"['Latin (Cuban', 'Indian', 'Korean', 'American', 'Thai', 'Spanish', 'Irish', 'French', 'German', 'Sandwiches', 'Bakery', 'Mexican', 'Café/Coffee/Tea', 'Japanese', 'Pizza', 'Seafood', 'Caribbean', 'Delicatessen', 'Bangladeshi', 'Juice', 'Pizza/Italian']","['Transportation Planning and Engineering', 'Civil Engineering', 'Computer Engineering', 'Chemical Engineering', 'Chemistry', 'Integrated Digital Media', 'Applied Physics', 'Electrical Engineering and Computer Engineering', 'Construction Management', 'Mathematics']"
41,Tandon School of Engineering,Computer Engineering,"['Eastern European', 'Latin (Cuban', 'Spanish', 'Korean', 'Caribbean']","['Electrical Engineering and Computer Engineering', 'Transportation Planning and Engineering', 'Integrated Digital Media', 'Computer Engineering', 'Chemical Engineering', 'Computer Science', 'Mechatronics and Robotics', 'Mathematics', 'Mechanical Engineering', 'Biotechnology', 'Cybersecurity', 'Applied Physics', 'Urban Infrastructure Systems', 'Chemical and Biomolecular Engineering', 'Chemistry', 'Business and Technology Management', 'Financial Engineering', 'Environmental Science']"
42,Tandon School of Engineering,Urban Infrastructure Systems,[],"['Industrial Engineering', 'Applied Physics', 'Transportation Planning and Engineering', 'Chemical Engineering', 'Electrical Engineering', 'Science and Technology Studies']"
43,Tandon School of Engineering,Transportation Planning and Engineering,"['Eastern European', 'Latin (Cuban', 'Italian', 'Barbecue', 'Sandwiches', 'Juice', 'Delicatessen', 'Jewish/Kosher', 'Mexican', 'Sandwiches/Salads/Mixed Buffet', 'Pizza', 'Bakery', 'Caribbean', 'Chicken', 'German', 'Bangladeshi', 'Pizza/Italian', 'Asian', 'French', 'Seafood', 'Thai', '3473446815', 'American', 'Café/Coffee/Tea', 'Indian', 'Chinese', 'Korean', 'Spanish', 'Japanese', 'Irish']","['Computer Science', 'Cybersecurity Risk and Strategy', 'Management of Technology', 'Financial Engineering', 'Biomedical Engineering', 'Environmental Engineering', 'Biotechnology', 'Civil Engineering', 'Mechatronics and Robotics', 'Cybersecurity', 'Electrical Engineering and Computer Engineering', 'Bioinformatics', 'Chemical and Biomolecular Engineering', 'Science and Technology Studies', 'Biotechnology and Entrepreneurship', 'Business and Technology Management']"
44,Tandon School of Engineering,Financial Engineering,"['Asian', 'Japanese', 'Donuts', 'Thai', 'Irish', 'American', 'Mexican', 'Delicatessen', 'Bakery']","['Chemical and Biomolecular Engineering', 'Biotechnology', 'Transportation Planning and Engineering', 'Biotechnology and Entrepreneurship', 'Industrial Engineering', 'Mechanical Engineering', 'Biomolecular Science', 'Bioinformatics', 'Urban Infrastructure Systems', 'Integrated Digital Media', 'Chemical Engineering', 'Computer Engineering', 'Mathematics', 'Cybersecurity Risk and Strategy', 'Transportation Management', 'Electrical Engineering', 'Cybersecurity', 'Management of Technology', 'Physics and Mathematics', 'Science and Technology Studies', 'Mechatronics and Robotics', 'Computer Science', 'Business and Technology Management', 'Sustainable Urban Environments']"
45,Tandon School of Engineering,Chemistry,"['Delicatessen', 'Donuts', 'Spanish', 'Café/Coffee/Tea', 'Chinese', 'Asian', 'Barbecue', 'Sandwiches', 'Mexican', 'Caribbean', 'Sandwiches/Salads/Mixed Buffet', 'Bakery', 'American', 'Chicken', 'Pizza/Italian', 'Indian', 'Thai', 'German', 'Korean', 'Bangladeshi', 'Juice']","['Environmental Engineering', 'Environmental Science', 'Sustainable Urban Environments', 'Management of Technology', 'Construction Management', 'Electrical Engineering', 'Science and Technology Studies', 'Physics and Mathematics', 'Cybersecurity Risk and Strategy', 'Chemical Engineering', 'Cybersecurity', 'Integrated Digital Media', 'Mechanical Engineering', 'Transportation Management', 'Urban Infrastructure Systems', 'Biomedical Engineering', 'Biomolecular Science', 'Transportation Planning and Engineering', 'Financial Engineering', 'Mechatronics and Robotics', 'Applied Physics', 'Biotechnology', 'Industrial Engineering', 'Electrical Engineering and Computer Engineering', 'Chemical and Biomolecular Engineering']"
46,Tandon School of Engineering,Physics and Mathematics,"['Thai', 'Juice', 'Italian', 'Bangladeshi', 'Korean', 'Irish', 'Latin (Cuban', 'Asian', 'French', 'Chicken', 'American', 'Spanish', 'Japanese', 'Indian', 'Pizza/Italian', '3473446815']","['Chemical Engineering', 'Applied Physics', 'Environmental Engineering', 'Management of Technology', 'Sustainable Urban Environments', 'Computer Science', 'Mechanical Engineering', 'Chemical and Biomolecular Engineering', 'Business and Technology Management', 'Electrical Engineering', 'Industrial Engineering', 'Integrated Digital Media', 'Cybersecurity', 'Biomedical Engineering', 'Transportation Management', 'Chemistry', 'Computer Engineering', 'Biomolecular Science', 'Construction Management', 'Environmental Science', 'Mathematics', 'Civil Engineering', 'Biotechnology and Entrepreneurship', 'Physics and Mathematics', 'Transportation Planning and Engineering', 'Electrical Engineering and Computer Engineering']"
47,Tandon School of Engineering,Mechanical Engineering,"['Café/Coffee/Tea', 'Sandwiches/Salads/Mixed Buffet', 'American', 'Italian', 'Delicatessen', 'Asian', 'French', 'Barbecue', 'Eastern European', 'Irish', 'Pizza', 'Bangladeshi', 'German', 'Pizza/Italian', 'Mexican', 'Indian', '3473446815', 'Caribbean', 'Korean', 'Donuts', 'Thai', 'Juice', 'Japanese', 'Jewish/Kosher', 'Latin (Cuban']","['Urban Infrastructure Systems', 'Management of Technology', 'Chemical and Biomolecular Engineering', 'Environmental Science', 'Cybersecurity', 'Computer Science', 'Transportation Management', 'Electrical Engineering and Computer Engineering', 'Applied Physics']"
48,Tandon School of Engineering,Electrical Engineering and Computer Engineering,"['Eastern European', 'German', 'Chinese', '3473446815', 'Donuts', 'Barbecue', 'Spanish', 'Indian', 'Café/Coffee/Tea', 'Seafood', 'Pizza/Italian', 'Irish', 'Bakery', 'Bangladeshi', 'Delicatessen', 'Juice', 'Korean', 'Caribbean', 'French', 'Mexican', 'Latin (Cuban', 'Sandwiches/Salads/Mixed Buffet', 'Chicken', 'American', 'Sandwiches', 'Thai', 'Pizza']","['Industrial Engineering', 'Urban Infrastructure Systems', 'Biotechnology and Entrepreneurship', 'Mechanical Engineering', 'Bioinformatics', 'Biomolecular Science', 'Civil Engineering', 'Mathematics', 'Chemical Engineering', 'Financial Engineering', 'Chemical and Biomolecular Engineering', 'Transportation Planning and Engineering', 'Sustainable Urban Environments', 'Physics and Mathematics', 'Biomedical Engineering', 'Applied Physics', 'Chemistry', 'Environmental Engineering', 'Construction Management', 'Integrated Digital Media', 'Business and Technology Management', 'Electrical Engineering and Computer Engineering', 'Electrical Engineering', 'Computer Science', 'Management of Technology', 'Science and Technology Studies', 'Mechatronics and Robotics', 'Cybersecurity Risk and Strategy', 'Cybersecurity', 'Biotechnology', 'Computer Engineering', 'Environmental Science']"
49,Tandon School of Engineering,Cybersecurity Risk and Strategy,"['Café/Coffee/Tea', 'Spanish', 'Indian', 'Chicken', '3473446815']","['Cybersecurity', 'Computer Science', 'Industrial Engineering', 'Biomolecular Science', 'Mathematics', 'Civil Engineering', 'Business and Technology Management', 'Bioinformatics', 'Electrical Engineering', 'Computer Engineering', 'Biotechnology and Entrepreneurship', 'Sustainable Urban Environments', 'Integrated Digital Media', 'Physics and Mathematics', 'Electrical Engineering and Computer Engineering', 'Science and Technology Studies', 'Transportation Planning and Engineering', 'Chemistry', 'Construction Management', 'Mechanical Engineering', 'Biomedical Engineering', 'Mechatronics and Robotics', 'Applied Physics', 'Chemical Engineering']"
50,Tandon School of Engineering,Cybersecurity Risk and Strategy,"['Asian', 'German', '3473446815', 'Spanish', 'Mexican', 'Japanese', 'Thai', 'Jewish/Kosher', 'American', 'Chicken', 'Barbecue', 'Bakery', 'Seafood', 'Juice', 'Latin (Cuban', 'Eastern European', 'Chinese', 'French', 'Delicatessen', 'Sandwiches/Salads/Mixed Buffet', 'Pizza', 'Bangladeshi']","['Integrated Digital Media', 'Financial Engineering', 'Transportation Management', 'Environmental Engineering', 'Computer Science', 'Chemical Engineering', 'Sustainable Urban Environments', 'Chemical and Biomolecular Engineering', 'Cybersecurity', 'Biotechnology', 'Computer Engineering', 'Electrical Engineering', 'Physics and Mathematics', 'Mechanical Engineering', 'Applied Physics', 'Biomolecular Science', 'Electrical Engineering and Computer Engineering', 'Biotechnology and Entrepreneurship', 'Mechatronics and Robotics', 'Biomedical Engineering', 'Science and Technology Studies', 'Mathematics', 'Environmental Science', 'Transportation Planning and Engineering', 'Civil Engineering', 'Cybersecurity Risk and Strategy', 'Industrial Engineering', 'Construction Management']"
51,Tandon School of Engineering,Mechatronics and Robotics,"['Donuts', 'Barbecue', 'Thai', 'Italian', 'Irish', 'Caribbean', 'Bakery', '3473446815', 'Café/Coffee/Tea', 'Indian', 'Juice']","['Chemical Engineering', 'Biomolecular Science', 'Electrical Engineering', 'Transportation Management', 'Environmental Engineering', 'Business and Technology Management', 'Chemistry', 'Cybersecurity Risk and Strategy', 'Electrical Engineering and Computer Engineering', 'Bioinformatics', 'Computer Science', 'Cybersecurity', 'Physics and Mathematics', 'Financial Engineering', 'Transportation Planning and Engineering', 'Biotechnology', 'Environmental Science', 'Construction Management', 'Integrated Digital Media', 'Industrial Engineering', 'Management of Technology', 'Mechanical Engineering', 'Mechatronics and Robotics', 'Biomedical Engineering', 'Science and Technology Studies', 'Civil Engineering']"
52,Tandon School of Engineering,Chemistry,"['Japanese', 'Irish', 'Chicken', 'Asian', 'Jewish/Kosher', 'Italian', 'Caribbean', 'Spanish', 'Thai', 'Juice']","['Environmental Engineering', 'Business and Technology Management', 'Urban Infrastructure Systems', 'Integrated Digital Media', 'Chemical and Biomolecular Engineering', 'Electrical Engineering and Computer Engineering', 'Biotechnology and Entrepreneurship', 'Transportation Management', 'Applied Physics', 'Construction Management', 'Physics and Mathematics', 'Cybersecurity Risk and Strategy', 'Electrical Engineering', 'Science and Technology Studies', 'Bioinformatics', 'Mechatronics and Robotics', 'Financial Engineering', 'Civil Engineering', 'Cybersecurity']"
53,Tandon School of Engineering,Computer Science,"['Barbecue', 'Chicken', 'Juice', 'Sandwiches', 'Eastern European', 'Seafood', 'Sandwiches/Salads/Mixed Buffet', 'Pizza', 'Irish', '3473446815', 'Latin (Cuban', 'Jewish/Kosher', 'French', 'Bakery', 'Delicatessen', 'Bangladeshi', 'American', 'Chinese', 'Spanish', 'Korean', 'Italian', 'Donuts', 'German', 'Thai', 'Caribbean', 'Asian']","['Electrical Engineering', 'Biotechnology', 'Environmental Science', 'Urban Infrastructure Systems', 'Mathematics', 'Management of Technology', 'Integrated Digital Media', 'Biomedical Engineering', 'Business and Technology Management', 'Chemical and Biomolecular Engineering', 'Mechanical Engineering', 'Chemistry', 'Science and Technology Studies', 'Financial Engineering', 'Bioinformatics', 'Chemical Engineering', 'Biotechnology and Entrepreneurship', 'Cybersecurity Risk and Strategy', 'Cybersecurity', 'Computer Engineering', 'Physics and Mathematics']"
54,Tandon School of Engineering,Science and Technology Studies,"['Café/Coffee/Tea', 'Irish', 'Delicatessen', 'Pizza/Italian', 'German', 'Barbecue', 'Pizza', 'Seafood', 'Jewish/Kosher', '3473446815', 'Caribbean', 'Spanish', 'Bangladeshi', 'Sandwiches/Salads/Mixed Buffet']","['Environmental Engineering', 'Computer Science', 'Construction Management', 'Biomedical Engineering', 'Transportation Planning and Engineering', 'Mathematics', 'Biotechnology', 'Computer Engineering', 'Biotechnology and Entrepreneurship', 'Mechanical Engineering', 'Cybersecurity', 'Electrical Engineering', 'Bioinformatics', 'Electrical Engineering and Computer Engineering', 'Mechatronics and Robotics', 'Chemistry', 'Cybersecurity Risk and Strategy', 'Biomolecular Science', 'Science and Technology Studies', 'Industrial Engineering', 'Chemical and Biomolecular Engineering', 'Sustainable Urban Environments', 'Applied Physics', 'Urban Infrastructure Systems', 'Business and Technology Management', 'Management of Technology', 'Physics and Mathematics']"
55,Tandon School of Engineering,Biomolecular Science,"['Indian', 'Thai', 'Chicken', 'Seafood', 'Irish', 'Spanish', 'Chinese', 'Sandwiches/Salads/Mixed Buffet', 'Eastern European', 'Bangladeshi', 'Pizza/Italian', 'Café/Coffee/Tea', 'Juice', 'Sandwiches', 'Latin (Cuban', 'Bakery', 'Jewish/Kosher']","['Financial Engineering', 'Physics and Mathematics', 'Mechanical Engineering', 'Sustainable Urban Environments', 'Bioinformatics', 'Mechatronics and Robotics', 'Mathematics', 'Electrical Engineering and Computer Engineering', 'Cybersecurity', 'Biotechnology', 'Environmental Science', 'Biomedical Engineering', 'Applied Physics', 'Integrated Digital Media', 'Cybersecurity Risk and Strategy', 'Biotechnology and Entrepreneurship', 'Chemistry', 'Civil Engineering', 'Chemical Engineering', 'Computer Engineering', 'Science and Technology Studies', 'Chemical and Biomolecular Engineering', 'Construction Management', 'Computer Science', 'Electrical Engineering', 'Industrial Engineering', 'Environmental Engineering', 'Biomolecular Science', 'Business and Technology Management', 'Transportation Management', 'Urban Infrastructure Systems', 'Transportation Planning and Engineering']"
56,Tandon School of Engineering,Management of Technology,"['Café/Coffee/Tea', 'Japanese', 'German', 'Barbecue', 'Jewish/Kosher', 'Thai', 'Chicken']","['Bioinformatics', 'Mechanical Engineering', 'Urban Infrastructure Systems', 'Cybersecurity', 'Construction Management', 'Management of Technology', 'Biotechnology and Entrepreneurship', 'Integrated Digital Media', 'Transportation Planning and Engineering', 'Electrical Engineering and Computer Engineering', 'Cybersecurity Risk and Strategy', 'Financial Engineering', 'Electrical Engineering', 'Sustainable Urban Environments']"
57,Tandon School of Engineering,Applied Physics,"['Indian', 'Donuts', 'Irish', 'Caribbean', 'Pizza/Italian', 'Latin (Cuban', 'Barbecue', 'Delicatessen', 'Asian', 'Chicken', 'Bakery', 'Jewish/Kosher', 'Eastern European']","['Biotechnology and Entrepreneurship', 'Chemical Engineering', 'Transportation Management', 'Cybersecurity', 'Mechatronics and Robotics', 'Biomolecular Science', 'Civil Engineering', 'Transportation Planning and Engineering', 'Construction Management', 'Computer Science', 'Cybersecurity Risk and Strategy', 'Sustainable Urban Environments', 'Biomedical Engineering', 'Biotechnology', 'Environmental Engineering', 'Physics and Mathematics', 'Industrial Engineering', 'Computer Engineering', 'Electrical Engineering', 'Electrical Engineering and Computer Engineering', 'Integrated Digital Media', 'Science and Technology Studies', 'Management of Technology', 'Applied Physics', 'Mechanical Engineering', 'Business and Technology Management', 'Urban Infrastructure Systems', 'Chemistry', 'Mathematics', 'Chemical and Biomolecular Engineering']"
58,Tandon School of Engineering,Construction Management,"['Asian', 'Mexican', 'Spanish', 'Indian']",[]
59,Tandon School of Engineering,Mechanical Engineering,"['Seafood', 'Delicatessen', 'Bakery', 'Asian', 'Pizza/Italian']","['Cybersecurity Risk and Strategy', 'Computer Engineering', 'Computer Science', 'Sustainable Urban Environments', 'Biotechnology', 'Chemistry', 'Industrial Engineering', 'Science and Technology Studies', 'Bioinformatics', 'Mathematics', 'Construction Management', 'Urban Infrastructure Systems', 'Financial Engineering', 'Transportation Management', 'Biomolecular Science', 'Cybersecurity', 'Civil Engineering', 'Chemical and Biomolecular Engineering', 'Biotechnology and Entrepreneurship', 'Physics and Mathematics', 'Integrated Digital Media', 'Mechatronics and Robotics', 'Biomedical Engineering']"
60,Tandon School of Engineering,Physics and Mathematics,"['Barbecue', 'Caribbean', 'Delicatessen', 'Sandwiches', 'Bangladeshi', 'German', 'Indian', 'French', 'Café/Coffee/Tea', 'Spanish', 'Chicken', 'Korean', 'Sandwiches/Salads/Mixed Buffet']","['Transportation Planning and Engineering', 'Biomedical Engineering', 'Mathematics', 'Chemistry', 'Environmental Science']"
61,Tandon School of Engineering,Sustainable Urban Environments,"['Chinese', 'Italian', 'Eastern European', 'Juice', 'Japanese', 'American']","['Computer Science', 'Industrial Engineering', 'Mechanical Engineering', 'Integrated Digital Media', 'Biotechnology and Entrepreneurship', 'Cybersecurity Risk and Strategy']"
62,Tandon School of Engineering,Biotechnology,"['Bakery', 'Café/Coffee/Tea', 'Thai', 'Chicken', 'Caribbean', 'Mexican', 'Sandwiches', 'French', 'Indian', 'Latin (Cuban', 'Seafood', 'German', 'Jewish/Kosher', 'Korean', 'Asian']","['Management of Technology', 'Transportation Management', 'Construction Management', 'Mechatronics and Robotics', 'Electrical Engineering', 'Bioinformatics']"
63,Tandon School of Engineering,Applied Physics,"['Pizza/Italian', 'Sandwiches', 'Eastern European', 'French', 'Irish', 'Juice', 'Indian', 'Jewish/Kosher', 'German', 'Asian', 'Caribbean', 'Pizza', 'Japanese', 'Spanish', 'Donuts']","['Urban Infrastructure Systems', 'Biotechnology', 'Computer Engineering', 'Industrial Engineering', 'Chemical and Biomolecular Engineering', 'Computer Science', 'Business and Technology Management', 'Transportation Management', 'Mechatronics and Robotics', 'Cybersecurity', 'Science and Technology Studies', 'Applied Physics']"
64,Tandon School of Engineering,Computer Engineering,"['Pizza', 'Delicatessen', 'German', 'Korean', 'Juice', 'Seafood', 'Indian', 'Japanese', 'American', 'Bangladeshi', 'Caribbean', 'Café/Coffee/Tea', 'Barbecue', 'Donuts', 'Spanish', 'Chinese', 'Asian', 'Mexican', 'Latin (Cuban', 'French']","['Mechanical Engineering', 'Civil Engineering', 'Mechatronics and Robotics', 'Biotechnology', 'Transportation Management', 'Electrical Engineering and Computer Engineering', 'Chemical Engineering', 'Urban Infrastructure Systems', 'Financial Engineering', 'Cybersecurity', 'Management of Technology', 'Mathematics', 'Sustainable Urban Environments', 'Computer Engineering', 'Business and Technology Management', 'Environmental Engineering']"
65,Tandon School of Engineering,Business and Technology Management,"['Sandwiches', 'Donuts', '3473446815', 'Asian', 'Delicatessen', 'Seafood', 'Caribbean', 'American', 'Japanese', 'Pizza', 'German', 'Korean', 'Latin (Cuban', 'Sandwiches/Salads/Mixed Buffet', 'French']","['Mechatronics and Robotics', 'Mechanical Engineering', 'Urban Infrastructure Systems', 'Transportation Planning and Engineering', 'Applied Physics', 'Computer Engineering', 'Biomolecular Science', 'Management of Technology', 'Chemical and Biomolecular Engineering', 'Integrated Digital Media', 'Industrial Engineering', 'Mathematics', 'Sustainable Urban Environments']"
66,Tandon School of Engineering,Environmental Science,"['Eastern European', 'Italian', 'Seafood', 'Café/Coffee/Tea', 'Caribbean', 'Barbecue', 'Bangladeshi', 'German', 'Thai', 'Juice', 'Japanese', 'Delicatessen', 'Chicken', 'Jewish/Kosher', 'Bakery', 'Spanish', 'Korean', 'Pizza/Italian', 'Pizza', 'French', 'Mexican', 'Sandwiches', 'Asian', 'Chinese', 'American']","['Sustainable Urban Environments', 'Electrical Engineering', 'Biomolecular Science', 'Environmental Engineering', 'Financial Engineering', 'Integrated Digital Media', 'Chemical and Biomolecular Engineering', 'Transportation Management', 'Applied Physics', 'Chemical Engineering', 'Chemistry']"
67,Tandon School of Engineering,Chemical and Biomolecular Engineering,"['3473446815', 'Spanish', 'Pizza/Italian', 'Indian', 'French', 'Barbecue', 'Bangladeshi', 'Sandwiches']","['Biotechnology and Entrepreneurship', 'Chemical Engineering', 'Management of Technology', 'Industrial Engineering', 'Applied Physics', 'Biomedical Engineering', 'Urban Infrastructure Systems', 'Transportation Management', 'Sustainable Urban Environments', 'Physics and Mathematics', 'Integrated Digital Media', 'Environmental Engineering', 'Construction Management', 'Electrical Engineering and Computer Engineering', 'Electrical Engineering', 'Cybersecurity Risk and Strategy', 'Civil Engineering', 'Chemistry', 'Cybersecurity']"
68,Tandon School of Engineering,Applied Physics,"['French', 'Italian', 'Asian', '3473446815', 'German', 'Juice', 'Latin (Cuban', 'Mexican', 'Korean', 'Chicken', 'Chinese', 'Donuts', 'Delicatessen', 'Japanese', 'Bangladeshi']","['Environmental Engineering', 'Integrated Digital Media', 'Financial Engineering', 'Industrial Engineering', 'Electrical Engineering', 'Sustainable Urban Environments', 'Biotechnology', 'Urban Infrastructure Systems', 'Mathematics', 'Applied Physics', 'Biotechnology and Entrepreneurship', 'Biomolecular Science', 'Computer Engineering', 'Transportation Planning and Engineering', 'Cybersecurity Risk and Strategy', 'Computer Science', 'Science and Technology Studies', 'Transportation Management', 'Electrical Engineering and Computer Engineering', 'Physics and Mathematics', 'Construction Management', 'Business and Technology Management', 'Chemical Engineering']"
69,Tandon School of Engineering,Biotechnology and Entrepreneurship,"['Asian', 'Pizza', 'Juice', 'Café/Coffee/Tea', 'Japanese', 'American', 'Italian', 'Mexican', 'Sandwiches', 'Seafood', 'Delicatessen', 'Eastern European', 'Bakery', 'Caribbean', 'French', 'Irish', 'Latin (Cuban', 'Sandwiches/Salads/Mixed Buffet', 'Barbecue', 'Jewish/Kosher', 'Indian']","['Applied Physics', 'Mechatronics and Robotics', 'Electrical Engineering and Computer Engineering', 'Transportation Management', 'Science and Technology Studies', 'Cybersecurity Risk and Strategy', 'Construction Management', 'Mathematics', 'Cybersecurity', 'Sustainable Urban Environments', 'Biomolecular Science', 'Physics and Mathematics', 'Urban Infrastructure Systems', 'Bioinformatics', 'Chemical and Biomolecular Engineering', 'Environmental Engineering', 'Biotechnology', 'Computer Engineering', 'Chemistry', 'Integrated Digital Media', 'Civil Engineering', 'Mechanical Engineering', 'Business and Technology Management', 'Environmental Science', 'Industrial Engineering', 'Electrical Engineering', 'Biomedical Engineering', 'Management of Technology', 'Computer Science', 'Biotechnology and Entrepreneurship', 'Financial Engineering', 'Chemical Engineering']"
70,Tandon School of Engineering,Construction Management,"['Delicatessen', 'Pizza/Italian', 'Spanish', 'Asian', 'Chicken', 'Bangladeshi', 'Juice', 'Barbecue', 'Korean', 'Eastern European', 'Sandwiches', 'American', 'Jewish/Kosher', 'Thai', 'German', 'French', 'Italian']","['Computer Science', 'Urban Infrastructure Systems', 'Environmental Science', 'Construction Management', 'Mechatronics and Robotics', 'Computer Engineering', 'Physics and Mathematics', 'Financial Engineering', 'Chemical Engineering', 'Environmental Engineering', 'Cybersecurity Risk and Strategy', 'Science and Technology Studies', 'Integrated Digital Media', 'Mathematics']"
71,Tandon School of Engineering,Electrical Engineering and Computer Engineering,"['Café/Coffee/Tea', 'Sandwiches/Salads/Mixed Buffet', 'Seafood', 'Japanese', 'Juice', 'Caribbean', 'Eastern European', 'Indian']","['Mathematics', 'Civil Engineering', 'Chemical and Biomolecular Engineering', 'Biomolecular Science', 'Computer Engineering', 'Biomedical Engineering', 'Electrical Engineering', 'Computer Science', 'Cybersecurity Risk and Strategy', 'Chemistry']"
72,Tandon School of Engineering,Business and Technology Management,"['Eastern European', 'Donuts', 'Caribbean', 'Italian', 'Chinese']","['Computer Science', 'Mechatronics and Robotics', 'Civil Engineering']"
73,Tandon School of Engineering,Environmental Science,"['Pizza/Italian', 'Seafood', 'Asian', 'Chinese', 'Jewish/Kosher', 'Delicatessen', 'Japanese', 'German', 'Latin (Cuban', 'Indian']","['Biomolecular Science', 'Environmental Science', 'Biotechnology', 'Computer Engineering', 'Management of Technology']"
74,Tandon School of Engineering,Bioinformatics,"['American', 'Barbecue', 'Japanese', 'Thai', 'Chinese', 'Eastern European', 'Chicken', 'Caribbean', 'Asian', 'French', 'Spanish', 'Korean', '3473446815', 'Pizza/Italian', 'Delicatessen', 'Donuts', 'Irish', 'Jewish/Kosher', 'Café/Coffee/Tea']","['Sustainable Urban Environments', 'Cybersecurity Risk and Strategy', 'Transportation Planning and Engineering', 'Industrial Engineering', 'Biomedical Engineering', 'Mathematics', 'Management of Technology', 'Computer Engineering', 'Computer Science', 'Chemical and Biomolecular Engineering']"
75,Tandon School of Engineering,Business and Technology Management,"['Italian', 'Korean', 'Seafood', 'Barbecue', 'Café/Coffee/Tea', 'Latin (Cuban', 'Mexican', 'Thai', 'Indian', 'Pizza/Italian', 'Donuts', 'Delicatessen', 'Chinese', 'Sandwiches', 'Spanish', 'Bakery', 'Asian', 'Eastern European', 'Pizza', 'Juice']",[]
76,Tandon School of Engineering,Civil Engineering,"['American', 'Eastern European', 'Latin (Cuban', 'Chicken', 'Irish']","['Transportation Management', 'Business and Technology Management', 'Chemical and Biomolecular Engineering', 'Biomolecular Science', 'Mechatronics and Robotics', 'Environmental Science', 'Management of Technology', 'Biotechnology and Entrepreneurship', 'Cybersecurity', 'Electrical Engineering', 'Mechanical Engineering']"
77,Tandon School of Engineering,Integrated Digital Media,"['Caribbean', 'Pizza/Italian', 'Eastern European', 'German', 'Chinese', 'Asian', 'Seafood']","['Computer Engineering', 'Physics and Mathematics', 'Applied Physics', 'Mathematics', 'Cybersecurity', 'Business and Technology Management', 'Electrical Engineering and Computer Engineering', 'Environmental Engineering', 'Sustainable Urban Environments', 'Industrial Engineering', 'Computer Science', 'Civil Engineering', 'Biotechnology and Entrepreneurship', 'Biomolecular Science', 'Transportation Planning and Engineering', 'Mechatronics and Robotics']"
78,Tandon School of Engineering,Cybersecurity Risk and Strategy,"['Chicken', 'Spanish', 'Delicatessen', 'Irish', 'Japanese', 'Mexican', 'Latin (Cuban', 'Barbecue', 'French', 'Juice', 'Thai', 'American', 'Café/Coffee/Tea', 'Bakery', 'Seafood', 'German', 'Pizza/Italian', 'Donuts', 'Italian', 'Bangladeshi', 'Korean', 'Caribbean', 'Eastern European', 'Sandwiches/Salads/Mixed Buffet', 'Pizza', 'Indian']","['Chemical Engineering', 'Environmental Engineering', 'Financial Engineering', 'Integrated Digital Media', 'Business and Technology Management', 'Construction Management', 'Physics and Mathematics', 'Biomedical Engineering', 'Mathematics', 'Chemistry', 'Computer Science', 'Civil Engineering', 'Computer Engineering', 'Electrical Engineering', 'Mechatronics and Robotics', 'Cybersecurity', 'Urban Infrastructure Systems']"
79,Tandon School of Engineering,Industrial Engineering,"['Juice', 'Bakery']","['Computer Science', 'Biomedical Engineering', 'Transportation Planning and Engineering', 'Environmental Engineering', 'Construction Management', 'Biotechnology', 'Biotechnology and Entrepreneurship', 'Cybersecurity Risk and Strategy', 'Civil Engineering', 'Electrical Engineering and Computer Engineering', 'Environmental Science', 'Cybersecurity', 'Chemical Engineering', 'Physics and Mathematics', 'Electrical Engineering', 'Business and Technology Management', 'Applied Physics', 'Bioinformatics']"
80,Tandon School of Engineering,Construction Management,"['Donuts', 'Mexican', 'Bangladeshi', 'Caribbean', 'German', 'Pizza', 'Sandwiches/Salads/Mixed Buffet', 'Seafood', 'Barbecue', 'Chicken', 'Italian', 'Indian', 'Juice', 'Latin (Cuban', 'Korean', 'Pizza/Italian', 'French', '3473446815', 'Delicatessen', 'Chinese', 'Jewish/Kosher', 'Sandwiches', 'Asian', 'Eastern European', 'Bakery', 'Irish', 'Spanish', 'Café/Coffee/Tea', 'American', 'Japanese']","['Cybersecurity Risk and Strategy', 'Electrical Engineering and Computer Engineering', 'Business and Technology Management', 'Urban Infrastructure Systems', 'Environmental Science', 'Financial Engineering', 'Management of Technology']"
81,Tandon School of Engineering,Chemical Engineering,"['Pizza/Italian', 'Jewish/Kosher', 'Sandwiches', 'Latin (Cuban', 'Sandwiches/Salads/Mixed Buffet', 'Seafood', 'Spanish', 'Chinese', 'Juice', 'Caribbean', 'Japanese', 'Pizza', 'Barbecue', 'Asian', 'Delicatessen']","['Chemical and Biomolecular Engineering', 'Construction Management', 'Integrated Digital Media', 'Science and Technology Studies', 'Electrical Engineering', 'Mathematics', 'Management of Technology', 'Environmental Science', 'Transportation Planning and Engineering']"
82,Tandon School of Engineering,Business and Technology Management,"['Pizza', 'Japanese', 'German', 'Italian', 'Asian', 'Latin (Cuban', 'Delicatessen', 'Jewish/Kosher', 'Mexican', 'Eastern European', 'Barbecue', 'Caribbean', 'Chinese', 'Spanish']","['Cybersecurity', 'Chemical Engineering', 'Environmental Engineering', 'Mechanical Engineering', 'Mechatronics and Robotics', 'Electrical Engineering', 'Environmental Science', 'Mathematics', 'Computer Engineering']"
83,Tandon School of Engineering,Biomedical Engineering,"['Sandwiches', 'Eastern European', 'Japanese', 'Barbecue', 'Italian', 'Caribbean', 'Seafood', 'Delicatessen', 'Jewish/Kosher', 'Chicken']","['Sustainable Urban Environments', 'Financial Engineering', 'Environmental Engineering', 'Cybersecurity']"
84,Tandon School of Engineering,Chemical and Biomolecular Engineering,"['Juice', 'Chicken', 'Irish', 'Seafood', 'American', 'Mexican', 'French', 'Delicatessen', 'Eastern European', 'Barbecue', '3473446815', 'Italian', 'Caribbean', 'Spanish', 'Jewish/Kosher']","['Integrated Digital Media', 'Electrical Engineering', 'Mechanical Engineering', 'Transportation Planning and Engineering', 'Computer Science', 'Financial Engineering', 'Management of Technology', 'Cybersecurity Risk and Strategy', 'Mechatronics and Robotics', 'Construction Management', 'Environmental Engineering', 'Industrial Engineering', 'Chemical and Biomolecular Engineering', 'Biomolecular Science', 'Biomedical Engineering', 'Civil Engineering']"
85,Tandon School of Engineering,Science and Technology Studies,"['Chinese', 'Bangladeshi', 'Korean', 'Juice', 'Spanish', 'Mexican', 'Chicken', 'Jewish/Kosher']","['Business and Technology Management', 'Electrical Engineering and Computer Engineering', 'Sustainable Urban Environments', 'Mechatronics and Robotics', 'Chemistry', 'Biomedical Engineering', 'Applied Physics', 'Chemical and Biomolecular Engineering', 'Physics and Mathematics', 'Mathematics', 'Transportation Management', 'Biotechnology', 'Biotechnology and Entrepreneurship', 'Bioinformatics', 'Management of Technology', 'Urban Infrastructure Systems', 'Cybersecurity', 'Science and Technology Studies', 'Construction Management', 'Mechanical Engineering', 'Financial Engineering', 'Environmental Engineering', 'Chemical Engineering']"
86,Tandon School of Engineering,Business and Technology Management,"['Caribbean', 'German', 'Bangladeshi', 'Jewish/Kosher', 'Eastern European', 'American', 'Pizza', 'Indian', 'Delicatessen', 'Sandwiches/Salads/Mixed Buffet', 'Chicken', 'Café/Coffee/Tea', 'Japanese', 'Italian', 'Latin (Cuban', 'Bakery', 'Sandwiches', 'Seafood', 'Pizza/Italian', 'Barbecue', 'Mexican', 'Irish']","['Bioinformatics', 'Electrical Engineering', 'Industrial Engineering', 'Integrated Digital Media', 'Sustainable Urban Environments', 'Chemical and Biomolecular Engineering', 'Environmental Science', 'Mechanical Engineering', 'Biotechnology']"
87,Tandon School of Engineering,Computer Engineering,"['German', '3473446815', 'Café/Coffee/Tea', 'Sandwiches', 'Juice', 'Latin (Cuban', 'Barbecue', 'Bakery', 'Thai', 'Italian', 'French', 'Chinese', 'Pizza', 'Caribbean', 'Mexican', 'Bangladeshi', 'Chicken', 'Delicatessen', 'Indian', 'Japanese', 'Korean', 'Spanish', 'Donuts', 'American', 'Irish', 'Jewish/Kosher', 'Sandwiches/Salads/Mixed Buffet', 'Pizza/Italian']","['Mathematics', 'Biotechnology', 'Electrical Engineering and Computer Engineering', 'Chemical Engineering', 'Computer Engineering', 'Transportation Planning and Engineering', 'Chemistry', 'Biomolecular Science', 'Financial Engineering', 'Biomedical Engineering', 'Bioinformatics', 'Environmental Engineering', 'Sustainable Urban Environments', 'Computer Science', 'Cybersecurity', 'Environmental Science', 'Cybersecurity Risk and Strategy', 'Urban Infrastructure Systems', 'Business and Technology Management', 'Mechatronics and Robotics', 'Mechanical Engineering', 'Construction Management', 'Physics and Mathematics', 'Industrial Engineering', 'Science and Technology Studies', 'Transportation Management', 'Integrated Digital Media', 'Biotechnology and Entrepreneurship', 'Electrical Engineering']"
88,Tandon School of Engineering,Transportation Management,"['Delicatessen', 'German', 'Juice', 'Irish', 'Chicken', 'Chinese', 'Seafood', 'Jewish/Kosher', 'Korean', 'Café/Coffee/Tea', 'Pizza']","['Biomolecular Science', 'Chemistry', 'Construction Management', 'Biotechnology and Entrepreneurship', 'Industrial Engineering', 'Biomedical Engineering', 'Sustainable Urban Environments', 'Electrical Engineering and Computer Engineering', 'Financial Engineering', 'Mechatronics and Robotics', 'Cybersecurity Risk and Strategy', 'Civil Engineering', 'Urban Infrastructure Systems', 'Management of Technology']"
89,Tandon School of Engineering,Civil Engineering,[],"['Electrical Engineering and Computer Engineering', 'Business and Technology Management', 'Electrical Engineering', 'Sustainable Urban Environments', 'Chemical and Biomolecular Engineering', 'Cybersecurity', 'Computer Engineering', 'Bioinformatics', 'Biomolecular Science', 'Physics and Mathematics', 'Integrated Digital Media', 'Management of Technology', 'Biomedical Engineering', 'Mechatronics and Robotics', 'Industrial Engineering', 'Chemistry', 'Environmental Science', 'Urban Infrastructure Systems', 'Biotechnology and Entrepreneurship', 'Financial Engineering', 'Applied Physics', 'Transportation Management', 'Biotechnology', 'Environmental Engineering', 'Mechanical Engineering']"
90,Tandon School of Engineering,Chemical Engineering,"['Italian', 'Pizza', 'Juice', 'Delicatessen', 'French', 'Chicken', 'American', 'Pizza/Italian', 'Sandwiches', 'Korean', 'Seafood', 'German', 'Asian', 'Chinese', 'Café/Coffee/Tea', 'Mexican', '3473446815', 'Bakery', 'Thai', 'Donuts', 'Latin (Cuban', 'Barbecue', 'Bangladeshi', 'Indian']","['Integrated Digital Media', 'Chemical and Biomolecular Engineering', 'Biomolecular Science', 'Urban Infrastructure Systems', 'Civil Engineering']"
91,Tandon School of Engineering,Chemical Engineering,"['Thai', 'Seafood', 'Mexican', 'Asian', 'Caribbean', 'Spanish', 'Italian', 'German', '3473446815']","['Transportation Management', 'Financial Engineering', 'Applied Physics', 'Physics and Mathematics', 'Sustainable Urban Environments', 'Biotechnology', 'Urban Infrastructure Systems', 'Industrial Engineering', 'Computer Engineering', 'Mechatronics and Robotics', 'Management of Technology', 'Biomolecular Science', 'Biomedical Engineering', 'Electrical Engineering', 'Science and Technology Studies', 'Environmental Engineering', 'Bioinformatics', 'Biotechnology and Entrepreneurship', 'Chemical Engineering', 'Integrated Digital Media', 'Electrical Engineering and Computer Engineering', 'Cybersecurity', 'Business and Technology Management', 'Cybersecurity Risk and Strategy', 'Mathematics', 'Environmental Science']"
92,Tandon School of Engineering,Business and Technology Management,"['German', 'French', 'Café/Coffee/Tea', 'Korean', 'Italian', 'Barbecue', 'Seafood', 'Donuts']",['Environmental Science']
93,Tandon School of Engineering,Sustainable Urban Environments,"['Japanese', 'Chicken', 'Delicatessen', 'Mexican', 'American', 'Thai', 'Café/Coffee/Tea', 'Indian', 'German', 'Pizza/Italian']","['Chemical Engineering', 'Cybersecurity Risk and Strategy', 'Applied Physics', 'Civil Engineering', 'Mathematics', 'Financial Engineering', 'Environmental Engineering', 'Science and Technology Studies', 'Bioinformatics', 'Biotechnology', 'Management of Technology', 'Physics and Mathematics', 'Transportation Management', 'Biomolecular Science', 'Transportation Planning and Engineering', 'Sustainable Urban Environments', 'Construction Management', 'Chemistry', 'Business and Technology Management', 'Mechatronics and Robotics', 'Electrical Engineering and Computer Engineering', 'Chemical and Biomolecular Engineering', 'Biotechnology and Entrepreneurship', 'Computer Engineering', 'Urban Infrastructure Systems', 'Environmental Science', 'Computer Science', 'Biomedical Engineering']"
94,Tandon School of Engineering,Science and Technology Studies,"['Chicken', 'Sandwiches/Salads/Mixed Buffet', 'Chinese']","['Science and Technology Studies', 'Chemical Engineering', 'Business and Technology Management', 'Electrical Engineering and Computer Engineering', 'Chemical and Biomolecular Engineering', 'Transportation Planning and Engineering', 'Biotechnology and Entrepreneurship']"
95,Tandon School of Engineering,Environmental Engineering,"['Italian', 'Japanese', 'Donuts', 'Sandwiches', 'Korean', 'Latin (Cuban', 'Delicatessen', 'Irish', 'Thai', 'Chinese', 'Juice', 'Jewish/Kosher', '3473446815', 'French', 'Eastern European', 'Indian', 'Asian', 'Mexican', 'Pizza/Italian']","['Sustainable Urban Environments', 'Biomolecular Science', 'Computer Science', 'Science and Technology Studies', 'Bioinformatics', 'Cybersecurity', 'Computer Engineering', 'Urban Infrastructure Systems', 'Mathematics', 'Industrial Engineering', 'Biomedical Engineering', 'Transportation Planning and Engineering', 'Chemistry', 'Environmental Engineering', 'Transportation Management', 'Chemical Engineering', 'Integrated Digital Media', 'Physics and Mathematics', 'Civil Engineering', 'Applied Physics', 'Biotechnology', 'Environmental Science', 'Mechanical Engineering', 'Electrical Engineering', 'Biotechnology and Entrepreneurship', 'Financial Engineering', 'Chemical and Biomolecular Engineering', 'Cybersecurity Risk and Strategy']"
96,Tandon School of Engineering,Chemical and Biomolecular Engineering,"['Sandwiches', 'Sandwiches/Salads/Mixed Buffet', 'Donuts', 'Delicatessen', 'Pizza', 'Italian', 'Latin (Cuban', 'French', 'Barbecue', 'Korean', 'Pizza/Italian', 'Jewish/Kosher', 'Caribbean', '3473446815', 'Chinese', 'Asian']","['Construction Management', 'Science and Technology Studies', 'Environmental Engineering', 'Environmental Science', 'Cybersecurity Risk and Strategy', 'Financial Engineering', 'Business and Technology Management', 'Civil Engineering', 'Biomolecular Science', 'Bioinformatics', 'Electrical Engineering and Computer Engineering', 'Mechanical Engineering', 'Chemical and Biomolecular Engineering']"
97,Tandon School of Engineering,Environmental Engineering,"['Chinese', 'American', 'French', 'Mexican', 'Korean', '3473446815', 'Bakery', 'Latin (Cuban', 'Pizza', 'German']","['Industrial Engineering', 'Mechatronics and Robotics', 'Environmental Science', 'Business and Technology Management', 'Computer Science', 'Mathematics', 'Cybersecurity Risk and Strategy', 'Environmental Engineering', 'Biotechnology and Entrepreneurship', 'Transportation Management', 'Mechanical Engineering', 'Biomolecular Science']"
98,Tandon School of Engineering,Mechatronics and Robotics,"['Thai', 'Juice', 'Barbecue', 'Pizza', 'French']","['Chemical Engineering', 'Biotechnology', 'Construction Management', 'Management of Technology', 'Electrical Engineering and Computer Engineering', 'Mechanical Engineering', 'Environmental Engineering', 'Mathematics', 'Bioinformatics', 'Biomedical Engineering', 'Sustainable Urban Environments', 'Electrical Engineering', 'Physics and Mathematics', 'Applied Physics', 'Computer Science', 'Civil Engineering', 'Biotechnology and Entrepreneurship']"
99,Tandon School of Engineering,Chemistry,"['German', 'Seafood', 'Irish', 'Sandwiches/Salads/Mixed Buffet', 'Italian', 'Chicken', 'Pizza', 'Pizza/Italian', 'Indian', 'Mexican', 'Bakery']","['Chemistry', 'Biotechnology', 'Physics and Mathematics', 'Transportation Planning and Engineering', 'Chemical and Biomolecular Engineering', 'Environmental Science', 'Industrial Engineering', 'Bioinformatics', 'Transportation Management', 'Mechanical Engineering', 'Construction Management', 'Integrated Digital Media', 'Computer Engineering', 'Business and Technology Management', 'Mathematics', 'Sustainable Urban Environments', 'Financial Engineering', 'Biotechnology and Entrepreneurship', 'Biomedical Engineering', 'Cybersecurity Risk and Strategy', 'Biomolecular Science', 'Chemical Engineering', 'Cybersecurity', 'Civil Engineering', 'Applied Physics', 'Mechatronics and Robotics']"
